seed,batch_size,lr,optimizer,model,model_params,mixup_alpha,smoothing_prob,best_val_acc,final_val_acc,test_acc,num_params
101010,32,0.0007,adam,LSTM_HumanFi,"{'input_dim': 60, 'hidden_dim': 64, 'num_layers': 1, 'bidirectional': False, 'dropout': 0.2}",0.0,0.0,0.65,0.57,0.63,33556
101010,32,0.0007,adam,LSTM_HumanFi,"{'input_dim': 60, 'hidden_dim': 64, 'num_layers': 1, 'bidirectional': False, 'dropout': 0.2}",0.0,0.5,0.78,0.71,0.57,33556
101010,32,0.0007,adam,LSTM_HumanFi,"{'input_dim': 60, 'hidden_dim': 64, 'num_layers': 1, 'bidirectional': False, 'dropout': 0.2}",0.4,0.0,0.72,0.71,0.53,33556
101010,32,0.0007,adam,LSTM_HumanFi,"{'input_dim': 60, 'hidden_dim': 64, 'num_layers': 1, 'bidirectional': False, 'dropout': 0.2}",0.4,0.5,0.65,0.56,0.5,33556
101010,32,0.0007,adam,LSTM_HumanFi,"{'input_dim': 60, 'hidden_dim': 64, 'num_layers': 1, 'bidirectional': False, 'dropout': 0.5}",0.0,0.0,0.66,0.59,0.54,33556
101010,32,0.0007,adam,LSTM_HumanFi,"{'input_dim': 60, 'hidden_dim': 64, 'num_layers': 1, 'bidirectional': False, 'dropout': 0.5}",0.0,0.5,0.63,0.54,0.6,33556
101010,32,0.0007,adam,LSTM_HumanFi,"{'input_dim': 60, 'hidden_dim': 64, 'num_layers': 1, 'bidirectional': False, 'dropout': 0.5}",0.4,0.0,0.53,0.49,0.38,33556
101010,32,0.0007,adam,LSTM_HumanFi,"{'input_dim': 60, 'hidden_dim': 64, 'num_layers': 1, 'bidirectional': False, 'dropout': 0.5}",0.4,0.5,0.57,0.5,0.43,33556
101010,32,0.0007,adam,LSTM_HumanFi,"{'input_dim': 60, 'hidden_dim': 64, 'num_layers': 1, 'bidirectional': True, 'dropout': 0.2}",0.0,0.0,0.74,0.69,0.57,67092
101010,32,0.0007,adam,LSTM_HumanFi,"{'input_dim': 60, 'hidden_dim': 64, 'num_layers': 1, 'bidirectional': True, 'dropout': 0.2}",0.0,0.5,0.75,0.69,0.66,67092
101010,32,0.0007,adam,LSTM_HumanFi,"{'input_dim': 60, 'hidden_dim': 64, 'num_layers': 1, 'bidirectional': True, 'dropout': 0.2}",0.4,0.0,0.78,0.68,0.62,67092
101010,32,0.0007,adam,LSTM_HumanFi,"{'input_dim': 60, 'hidden_dim': 64, 'num_layers': 1, 'bidirectional': True, 'dropout': 0.2}",0.4,0.5,0.74,0.74,0.62,67092
101010,32,0.0007,adam,LSTM_HumanFi,"{'input_dim': 60, 'hidden_dim': 64, 'num_layers': 1, 'bidirectional': True, 'dropout': 0.5}",0.0,0.0,0.68,0.65,0.6,67092
101010,32,0.0007,adam,LSTM_HumanFi,"{'input_dim': 60, 'hidden_dim': 64, 'num_layers': 1, 'bidirectional': True, 'dropout': 0.5}",0.0,0.5,0.74,0.71,0.62,67092
101010,32,0.0007,adam,LSTM_HumanFi,"{'input_dim': 60, 'hidden_dim': 64, 'num_layers': 1, 'bidirectional': True, 'dropout': 0.5}",0.4,0.0,0.63,0.57,0.47,67092
101010,32,0.0007,adam,LSTM_HumanFi,"{'input_dim': 60, 'hidden_dim': 64, 'num_layers': 1, 'bidirectional': True, 'dropout': 0.5}",0.4,0.5,0.65,0.57,0.5,67092
101010,32,0.0007,adam,LSTM_HumanFi,"{'input_dim': 60, 'hidden_dim': 64, 'num_layers': 2, 'bidirectional': False, 'dropout': 0.2}",0.0,0.0,0.81,0.76,0.69,66836
101010,32,0.0007,adam,LSTM_HumanFi,"{'input_dim': 60, 'hidden_dim': 64, 'num_layers': 2, 'bidirectional': False, 'dropout': 0.2}",0.0,0.5,0.87,0.87,0.78,66836
101010,32,0.0007,adam,LSTM_HumanFi,"{'input_dim': 60, 'hidden_dim': 64, 'num_layers': 2, 'bidirectional': False, 'dropout': 0.2}",0.4,0.0,0.84,0.76,0.69,66836
101010,32,0.0007,adam,LSTM_HumanFi,"{'input_dim': 60, 'hidden_dim': 64, 'num_layers': 2, 'bidirectional': False, 'dropout': 0.2}",0.4,0.5,0.74,0.69,0.56,66836
101010,32,0.0007,adam,LSTM_HumanFi,"{'input_dim': 60, 'hidden_dim': 64, 'num_layers': 2, 'bidirectional': False, 'dropout': 0.5}",0.0,0.0,0.79,0.75,0.66,66836
101010,32,0.0007,adam,LSTM_HumanFi,"{'input_dim': 60, 'hidden_dim': 64, 'num_layers': 2, 'bidirectional': False, 'dropout': 0.5}",0.0,0.5,0.84,0.82,0.66,66836
101010,32,0.0007,adam,LSTM_HumanFi,"{'input_dim': 60, 'hidden_dim': 64, 'num_layers': 2, 'bidirectional': False, 'dropout': 0.5}",0.4,0.0,0.79,0.68,0.65,66836
101010,32,0.0007,adam,LSTM_HumanFi,"{'input_dim': 60, 'hidden_dim': 64, 'num_layers': 2, 'bidirectional': False, 'dropout': 0.5}",0.4,0.5,0.21,0.15,0.09,66836
101010,32,0.0007,adam,LSTM_HumanFi,"{'input_dim': 60, 'hidden_dim': 64, 'num_layers': 2, 'bidirectional': True, 'dropout': 0.2}",0.0,0.0,0.87,0.84,0.84,166420
101010,32,0.0007,adam,LSTM_HumanFi,"{'input_dim': 60, 'hidden_dim': 64, 'num_layers': 2, 'bidirectional': True, 'dropout': 0.2}",0.0,0.5,0.91,0.84,0.79,166420
101010,32,0.0007,adam,LSTM_HumanFi,"{'input_dim': 60, 'hidden_dim': 64, 'num_layers': 2, 'bidirectional': True, 'dropout': 0.2}",0.4,0.0,0.91,0.9,0.93,166420
101010,32,0.0007,adam,LSTM_HumanFi,"{'input_dim': 60, 'hidden_dim': 64, 'num_layers': 2, 'bidirectional': True, 'dropout': 0.2}",0.4,0.5,0.91,0.87,0.81,166420
101010,32,0.0007,adam,LSTM_HumanFi,"{'input_dim': 60, 'hidden_dim': 64, 'num_layers': 2, 'bidirectional': True, 'dropout': 0.5}",0.0,0.0,0.81,0.76,0.65,166420
101010,32,0.0007,adam,LSTM_HumanFi,"{'input_dim': 60, 'hidden_dim': 64, 'num_layers': 2, 'bidirectional': True, 'dropout': 0.5}",0.0,0.5,0.85,0.81,0.76,166420
101010,32,0.0007,adam,LSTM_HumanFi,"{'input_dim': 60, 'hidden_dim': 64, 'num_layers': 2, 'bidirectional': True, 'dropout': 0.5}",0.4,0.0,0.94,0.91,0.85,166420
101010,32,0.0007,adam,LSTM_HumanFi,"{'input_dim': 60, 'hidden_dim': 64, 'num_layers': 2, 'bidirectional': True, 'dropout': 0.5}",0.4,0.5,0.85,0.78,0.75,166420
101010,32,0.0007,adam,LSTM_HumanFi,"{'input_dim': 60, 'hidden_dim': 128, 'num_layers': 1, 'bidirectional': False, 'dropout': 0.2}",0.0,0.0,0.69,0.59,0.47,99860
101010,32,0.0007,adam,LSTM_HumanFi,"{'input_dim': 60, 'hidden_dim': 128, 'num_layers': 1, 'bidirectional': False, 'dropout': 0.2}",0.0,0.5,0.72,0.68,0.65,99860
101010,32,0.0007,adam,LSTM_HumanFi,"{'input_dim': 60, 'hidden_dim': 128, 'num_layers': 1, 'bidirectional': False, 'dropout': 0.2}",0.4,0.0,0.74,0.66,0.54,99860
101010,32,0.0007,adam,LSTM_HumanFi,"{'input_dim': 60, 'hidden_dim': 128, 'num_layers': 1, 'bidirectional': False, 'dropout': 0.2}",0.4,0.5,0.75,0.72,0.62,99860
101010,32,0.0007,adam,LSTM_HumanFi,"{'input_dim': 60, 'hidden_dim': 128, 'num_layers': 1, 'bidirectional': False, 'dropout': 0.5}",0.0,0.0,0.69,0.6,0.5,99860
101010,32,0.0007,adam,LSTM_HumanFi,"{'input_dim': 60, 'hidden_dim': 128, 'num_layers': 1, 'bidirectional': False, 'dropout': 0.5}",0.0,0.5,0.78,0.71,0.54,99860
101010,32,0.0007,adam,LSTM_HumanFi,"{'input_dim': 60, 'hidden_dim': 128, 'num_layers': 1, 'bidirectional': False, 'dropout': 0.5}",0.4,0.0,0.63,0.59,0.47,99860
101010,32,0.0007,adam,LSTM_HumanFi,"{'input_dim': 60, 'hidden_dim': 128, 'num_layers': 1, 'bidirectional': False, 'dropout': 0.5}",0.4,0.5,0.74,0.66,0.53,99860
101010,32,0.0007,adam,LSTM_HumanFi,"{'input_dim': 60, 'hidden_dim': 128, 'num_layers': 1, 'bidirectional': True, 'dropout': 0.2}",0.0,0.0,0.88,0.85,0.76,199700
101010,32,0.0007,adam,LSTM_HumanFi,"{'input_dim': 60, 'hidden_dim': 128, 'num_layers': 1, 'bidirectional': True, 'dropout': 0.2}",0.0,0.5,0.76,0.72,0.74,199700
101010,32,0.0007,adam,LSTM_HumanFi,"{'input_dim': 60, 'hidden_dim': 128, 'num_layers': 1, 'bidirectional': True, 'dropout': 0.2}",0.4,0.0,0.74,0.68,0.66,199700
101010,32,0.0007,adam,LSTM_HumanFi,"{'input_dim': 60, 'hidden_dim': 128, 'num_layers': 1, 'bidirectional': True, 'dropout': 0.2}",0.4,0.5,0.84,0.82,0.69,199700
101010,32,0.0007,adam,LSTM_HumanFi,"{'input_dim': 60, 'hidden_dim': 128, 'num_layers': 1, 'bidirectional': True, 'dropout': 0.5}",0.0,0.0,0.72,0.68,0.59,199700
101010,32,0.0007,adam,LSTM_HumanFi,"{'input_dim': 60, 'hidden_dim': 128, 'num_layers': 1, 'bidirectional': True, 'dropout': 0.5}",0.0,0.5,0.75,0.68,0.65,199700
101010,32,0.0007,adam,LSTM_HumanFi,"{'input_dim': 60, 'hidden_dim': 128, 'num_layers': 1, 'bidirectional': True, 'dropout': 0.5}",0.4,0.0,0.63,0.53,0.51,199700
101010,32,0.0007,adam,LSTM_HumanFi,"{'input_dim': 60, 'hidden_dim': 128, 'num_layers': 1, 'bidirectional': True, 'dropout': 0.5}",0.4,0.5,0.71,0.66,0.59,199700
101010,32,0.0007,adam,LSTM_HumanFi,"{'input_dim': 60, 'hidden_dim': 128, 'num_layers': 2, 'bidirectional': False, 'dropout': 0.2}",0.0,0.0,0.9,0.9,0.69,231956
101010,32,0.0007,adam,LSTM_HumanFi,"{'input_dim': 60, 'hidden_dim': 128, 'num_layers': 2, 'bidirectional': False, 'dropout': 0.2}",0.0,0.5,0.84,0.82,0.74,231956
101010,32,0.0007,adam,LSTM_HumanFi,"{'input_dim': 60, 'hidden_dim': 128, 'num_layers': 2, 'bidirectional': False, 'dropout': 0.2}",0.4,0.0,0.84,0.82,0.75,231956
101010,32,0.0007,adam,LSTM_HumanFi,"{'input_dim': 60, 'hidden_dim': 128, 'num_layers': 2, 'bidirectional': False, 'dropout': 0.2}",0.4,0.5,0.96,0.96,0.81,231956
101010,32,0.0007,adam,LSTM_HumanFi,"{'input_dim': 60, 'hidden_dim': 128, 'num_layers': 2, 'bidirectional': False, 'dropout': 0.5}",0.0,0.0,0.81,0.78,0.74,231956
101010,32,0.0007,adam,LSTM_HumanFi,"{'input_dim': 60, 'hidden_dim': 128, 'num_layers': 2, 'bidirectional': False, 'dropout': 0.5}",0.0,0.5,0.84,0.81,0.74,231956
101010,32,0.0007,adam,LSTM_HumanFi,"{'input_dim': 60, 'hidden_dim': 128, 'num_layers': 2, 'bidirectional': False, 'dropout': 0.5}",0.4,0.0,0.84,0.75,0.71,231956
101010,32,0.0007,adam,LSTM_HumanFi,"{'input_dim': 60, 'hidden_dim': 128, 'num_layers': 2, 'bidirectional': False, 'dropout': 0.5}",0.4,0.5,0.78,0.69,0.68,231956
101010,32,0.0007,adam,LSTM_HumanFi,"{'input_dim': 60, 'hidden_dim': 128, 'num_layers': 2, 'bidirectional': True, 'dropout': 0.2}",0.0,0.0,0.6,0.56,0.59,594964
101010,32,0.0007,adam,LSTM_HumanFi,"{'input_dim': 60, 'hidden_dim': 128, 'num_layers': 2, 'bidirectional': True, 'dropout': 0.2}",0.0,0.5,0.76,0.74,0.65,594964
101010,32,0.0007,adam,LSTM_HumanFi,"{'input_dim': 60, 'hidden_dim': 128, 'num_layers': 2, 'bidirectional': True, 'dropout': 0.2}",0.4,0.0,0.9,0.9,0.79,594964
101010,32,0.0007,adam,LSTM_HumanFi,"{'input_dim': 60, 'hidden_dim': 128, 'num_layers': 2, 'bidirectional': True, 'dropout': 0.2}",0.4,0.5,0.94,0.85,0.84,594964
101010,32,0.0007,adam,LSTM_HumanFi,"{'input_dim': 60, 'hidden_dim': 128, 'num_layers': 2, 'bidirectional': True, 'dropout': 0.5}",0.0,0.0,0.93,0.88,0.76,594964
101010,32,0.0007,adam,LSTM_HumanFi,"{'input_dim': 60, 'hidden_dim': 128, 'num_layers': 2, 'bidirectional': True, 'dropout': 0.5}",0.0,0.5,0.91,0.84,0.78,594964
101010,32,0.0007,adam,LSTM_HumanFi,"{'input_dim': 60, 'hidden_dim': 128, 'num_layers': 2, 'bidirectional': True, 'dropout': 0.5}",0.4,0.0,0.88,0.87,0.79,594964
101010,32,0.0007,adam,LSTM_HumanFi,"{'input_dim': 60, 'hidden_dim': 128, 'num_layers': 2, 'bidirectional': True, 'dropout': 0.5}",0.4,0.5,0.91,0.9,0.78,594964
101010,32,0.0007,adam,TemporalConvNet,"{'num_inputs': 60, 'num_channels': [64, 128], 'kernel_size': 2, 'dropout': 0.2}",0.0,0.0,0.96,0.91,0.81,80596
101010,32,0.0007,adam,TemporalConvNet,"{'num_inputs': 60, 'num_channels': [64, 128], 'kernel_size': 2, 'dropout': 0.2}",0.0,0.5,0.96,0.9,0.81,80596
101010,32,0.0007,adam,TemporalConvNet,"{'num_inputs': 60, 'num_channels': [64, 128], 'kernel_size': 2, 'dropout': 0.2}",0.4,0.0,0.97,0.96,0.9,80596
101010,32,0.0007,adam,TemporalConvNet,"{'num_inputs': 60, 'num_channels': [64, 128], 'kernel_size': 2, 'dropout': 0.2}",0.4,0.5,0.97,0.93,0.88,80596
101010,32,0.0007,adam,TemporalConvNet,"{'num_inputs': 60, 'num_channels': [64, 128], 'kernel_size': 2, 'dropout': 0.5}",0.0,0.0,0.94,0.91,0.84,80596
101010,32,0.0007,adam,TemporalConvNet,"{'num_inputs': 60, 'num_channels': [64, 128], 'kernel_size': 2, 'dropout': 0.5}",0.0,0.5,0.94,0.93,0.88,80596
101010,32,0.0007,adam,TemporalConvNet,"{'num_inputs': 60, 'num_channels': [64, 128], 'kernel_size': 2, 'dropout': 0.5}",0.4,0.0,0.97,0.91,0.91,80596
101010,32,0.0007,adam,TemporalConvNet,"{'num_inputs': 60, 'num_channels': [64, 128], 'kernel_size': 2, 'dropout': 0.5}",0.4,0.5,0.94,0.9,0.88,80596
101010,32,0.0007,adam,TemporalConvNet,"{'num_inputs': 60, 'num_channels': [64, 128], 'kernel_size': 3, 'dropout': 0.2}",0.0,0.0,0.94,0.91,0.84,113108
101010,32,0.0007,adam,TemporalConvNet,"{'num_inputs': 60, 'num_channels': [64, 128], 'kernel_size': 3, 'dropout': 0.2}",0.0,0.5,0.94,0.87,0.82,113108
101010,32,0.0007,adam,TemporalConvNet,"{'num_inputs': 60, 'num_channels': [64, 128], 'kernel_size': 3, 'dropout': 0.2}",0.4,0.0,0.96,0.96,0.85,113108
101010,32,0.0007,adam,TemporalConvNet,"{'num_inputs': 60, 'num_channels': [64, 128], 'kernel_size': 3, 'dropout': 0.2}",0.4,0.5,0.97,0.94,0.9,113108
101010,32,0.0007,adam,TemporalConvNet,"{'num_inputs': 60, 'num_channels': [64, 128], 'kernel_size': 3, 'dropout': 0.5}",0.0,0.0,0.94,0.84,0.82,113108
101010,32,0.0007,adam,TemporalConvNet,"{'num_inputs': 60, 'num_channels': [64, 128], 'kernel_size': 3, 'dropout': 0.5}",0.0,0.5,0.94,0.91,0.87,113108
101010,32,0.0007,adam,TemporalConvNet,"{'num_inputs': 60, 'num_channels': [64, 128], 'kernel_size': 3, 'dropout': 0.5}",0.4,0.0,0.97,0.96,0.91,113108
101010,32,0.0007,adam,TemporalConvNet,"{'num_inputs': 60, 'num_channels': [64, 128], 'kernel_size': 3, 'dropout': 0.5}",0.4,0.5,0.96,0.96,0.87,113108
101010,32,0.0007,adam,TemporalConvNet,"{'num_inputs': 60, 'num_channels': [64, 128, 128], 'kernel_size': 2, 'dropout': 0.2}",0.0,0.0,0.93,0.9,0.85,146644
101010,32,0.0007,adam,TemporalConvNet,"{'num_inputs': 60, 'num_channels': [64, 128, 128], 'kernel_size': 2, 'dropout': 0.2}",0.0,0.5,0.97,0.91,0.87,146644
101010,32,0.0007,adam,TemporalConvNet,"{'num_inputs': 60, 'num_channels': [64, 128, 128], 'kernel_size': 2, 'dropout': 0.2}",0.4,0.0,0.96,0.94,0.78,146644
101010,32,0.0007,adam,TemporalConvNet,"{'num_inputs': 60, 'num_channels': [64, 128, 128], 'kernel_size': 2, 'dropout': 0.2}",0.4,0.5,0.96,0.91,0.85,146644
101010,32,0.0007,adam,TemporalConvNet,"{'num_inputs': 60, 'num_channels': [64, 128, 128], 'kernel_size': 2, 'dropout': 0.5}",0.0,0.0,0.97,0.9,0.87,146644
101010,32,0.0007,adam,TemporalConvNet,"{'num_inputs': 60, 'num_channels': [64, 128, 128], 'kernel_size': 2, 'dropout': 0.5}",0.0,0.5,0.94,0.87,0.88,146644
101010,32,0.0007,adam,TemporalConvNet,"{'num_inputs': 60, 'num_channels': [64, 128, 128], 'kernel_size': 2, 'dropout': 0.5}",0.4,0.0,0.96,0.88,0.87,146644
101010,32,0.0007,adam,TemporalConvNet,"{'num_inputs': 60, 'num_channels': [64, 128, 128], 'kernel_size': 2, 'dropout': 0.5}",0.4,0.5,0.99,0.99,0.88,146644
101010,32,0.0007,adam,TemporalConvNet,"{'num_inputs': 60, 'num_channels': [64, 128, 128], 'kernel_size': 3, 'dropout': 0.2}",0.0,0.0,0.94,0.93,0.76,211924
101010,32,0.0007,adam,TemporalConvNet,"{'num_inputs': 60, 'num_channels': [64, 128, 128], 'kernel_size': 3, 'dropout': 0.2}",0.0,0.5,0.97,0.91,0.85,211924
101010,32,0.0007,adam,TemporalConvNet,"{'num_inputs': 60, 'num_channels': [64, 128, 128], 'kernel_size': 3, 'dropout': 0.2}",0.4,0.0,0.96,0.96,0.87,211924
101010,32,0.0007,adam,TemporalConvNet,"{'num_inputs': 60, 'num_channels': [64, 128, 128], 'kernel_size': 3, 'dropout': 0.2}",0.4,0.5,0.97,0.96,0.82,211924
101010,32,0.0007,adam,TemporalConvNet,"{'num_inputs': 60, 'num_channels': [64, 128, 128], 'kernel_size': 3, 'dropout': 0.5}",0.0,0.0,0.91,0.88,0.79,211924
101010,32,0.0007,adam,TemporalConvNet,"{'num_inputs': 60, 'num_channels': [64, 128, 128], 'kernel_size': 3, 'dropout': 0.5}",0.0,0.5,0.96,0.88,0.81,211924
101010,32,0.0007,adam,TemporalConvNet,"{'num_inputs': 60, 'num_channels': [64, 128, 128], 'kernel_size': 3, 'dropout': 0.5}",0.4,0.0,0.97,0.94,0.87,211924
101010,32,0.0007,adam,TemporalConvNet,"{'num_inputs': 60, 'num_channels': [64, 128, 128], 'kernel_size': 3, 'dropout': 0.5}",0.4,0.5,0.96,0.96,0.87,211924
101010,32,0.0007,adam,TemporalConvNet,"{'num_inputs': 60, 'num_channels': [64, 128, 256], 'kernel_size': 2, 'dropout': 0.2}",0.0,0.0,0.94,0.9,0.78,313812
101010,32,0.0007,adam,TemporalConvNet,"{'num_inputs': 60, 'num_channels': [64, 128, 256], 'kernel_size': 2, 'dropout': 0.2}",0.0,0.5,0.96,0.96,0.87,313812
101010,32,0.0007,adam,TemporalConvNet,"{'num_inputs': 60, 'num_channels': [64, 128, 256], 'kernel_size': 2, 'dropout': 0.2}",0.4,0.0,0.96,0.96,0.87,313812
101010,32,0.0007,adam,TemporalConvNet,"{'num_inputs': 60, 'num_channels': [64, 128, 256], 'kernel_size': 2, 'dropout': 0.2}",0.4,0.5,0.96,0.96,0.84,313812
101010,32,0.0007,adam,TemporalConvNet,"{'num_inputs': 60, 'num_channels': [64, 128, 256], 'kernel_size': 2, 'dropout': 0.5}",0.0,0.0,0.93,0.91,0.87,313812
101010,32,0.0007,adam,TemporalConvNet,"{'num_inputs': 60, 'num_channels': [64, 128, 256], 'kernel_size': 2, 'dropout': 0.5}",0.0,0.5,0.97,0.9,0.81,313812
101010,32,0.0007,adam,TemporalConvNet,"{'num_inputs': 60, 'num_channels': [64, 128, 256], 'kernel_size': 2, 'dropout': 0.5}",0.4,0.0,0.97,0.94,0.87,313812
101010,32,0.0007,adam,TemporalConvNet,"{'num_inputs': 60, 'num_channels': [64, 128, 256], 'kernel_size': 2, 'dropout': 0.5}",0.4,0.5,0.96,0.96,0.84,313812
101010,32,0.0007,adam,TemporalConvNet,"{'num_inputs': 60, 'num_channels': [64, 128, 256], 'kernel_size': 3, 'dropout': 0.2}",0.0,0.0,0.94,0.9,0.82,444628
101010,32,0.0007,adam,TemporalConvNet,"{'num_inputs': 60, 'num_channels': [64, 128, 256], 'kernel_size': 3, 'dropout': 0.2}",0.0,0.5,0.84,0.81,0.71,444628
101010,32,0.0007,adam,TemporalConvNet,"{'num_inputs': 60, 'num_channels': [64, 128, 256], 'kernel_size': 3, 'dropout': 0.2}",0.4,0.0,0.97,0.97,0.84,444628
101010,32,0.0007,adam,TemporalConvNet,"{'num_inputs': 60, 'num_channels': [64, 128, 256], 'kernel_size': 3, 'dropout': 0.2}",0.4,0.5,0.94,0.91,0.84,444628
101010,32,0.0007,adam,TemporalConvNet,"{'num_inputs': 60, 'num_channels': [64, 128, 256], 'kernel_size': 3, 'dropout': 0.5}",0.0,0.0,0.87,0.87,0.81,444628
101010,32,0.0007,adam,TemporalConvNet,"{'num_inputs': 60, 'num_channels': [64, 128, 256], 'kernel_size': 3, 'dropout': 0.5}",0.0,0.5,0.93,0.93,0.81,444628
101010,32,0.0007,adam,TemporalConvNet,"{'num_inputs': 60, 'num_channels': [64, 128, 256], 'kernel_size': 3, 'dropout': 0.5}",0.4,0.0,0.97,0.94,0.85,444628
101010,32,0.0007,adam,TemporalConvNet,"{'num_inputs': 60, 'num_channels': [64, 128, 256], 'kernel_size': 3, 'dropout': 0.5}",0.4,0.5,0.96,0.94,0.87,444628
101010,32,0.0007,adam,CNN_BiLSTM_Attention,"{'input_dim': 60, 'cnn_filters': 64, 'lstm_units': 64, 'num_layers': 1}",0.0,0.0,0.96,0.93,0.85,89556
101010,32,0.0007,adam,CNN_BiLSTM_Attention,"{'input_dim': 60, 'cnn_filters': 64, 'lstm_units': 64, 'num_layers': 1}",0.0,0.5,0.93,0.93,0.75,89556
101010,32,0.0007,adam,CNN_BiLSTM_Attention,"{'input_dim': 60, 'cnn_filters': 64, 'lstm_units': 64, 'num_layers': 1}",0.4,0.0,0.9,0.84,0.88,89556
101010,32,0.0007,adam,CNN_BiLSTM_Attention,"{'input_dim': 60, 'cnn_filters': 64, 'lstm_units': 64, 'num_layers': 1}",0.4,0.5,0.93,0.91,0.87,89556
101010,32,0.0007,adam,CNN_BiLSTM_TemporalAttention,"{'input_dim': 60, 'cnn_channels': 64, 'lstm_hidden_dim': 64, 'lstm_layers': 1}",0.0,0.0,0.96,0.91,0.81,80981
101010,32,0.0007,adam,CNN_BiLSTM_TemporalAttention,"{'input_dim': 60, 'cnn_channels': 64, 'lstm_hidden_dim': 64, 'lstm_layers': 1}",0.0,0.5,0.96,0.9,0.79,80981
101010,32,0.0007,adam,CNN_BiLSTM_TemporalAttention,"{'input_dim': 60, 'cnn_channels': 64, 'lstm_hidden_dim': 64, 'lstm_layers': 1}",0.4,0.0,0.96,0.96,0.68,80981
101010,32,0.0007,adam,CNN_BiLSTM_TemporalAttention,"{'input_dim': 60, 'cnn_channels': 64, 'lstm_hidden_dim': 64, 'lstm_layers': 1}",0.4,0.5,0.93,0.93,0.72,80981
101010,32,0.0007,adam,CNN_BiLSTM_Attention,"{'input_dim': 60, 'cnn_filters': 64, 'lstm_units': 64, 'num_layers': 2}",0.0,0.0,0.91,0.9,0.82,188884
101010,32,0.0007,adam,CNN_BiLSTM_Attention,"{'input_dim': 60, 'cnn_filters': 64, 'lstm_units': 64, 'num_layers': 2}",0.0,0.5,0.93,0.9,0.79,188884
101010,32,0.0007,adam,CNN_BiLSTM_Attention,"{'input_dim': 60, 'cnn_filters': 64, 'lstm_units': 64, 'num_layers': 2}",0.4,0.0,0.94,0.94,0.79,188884
101010,32,0.0007,adam,CNN_BiLSTM_Attention,"{'input_dim': 60, 'cnn_filters': 64, 'lstm_units': 64, 'num_layers': 2}",0.4,0.5,0.93,0.93,0.84,188884
101010,32,0.0007,adam,CNN_BiLSTM_TemporalAttention,"{'input_dim': 60, 'cnn_channels': 64, 'lstm_hidden_dim': 64, 'lstm_layers': 2}",0.0,0.0,0.97,0.97,0.66,180309
101010,32,0.0007,adam,CNN_BiLSTM_TemporalAttention,"{'input_dim': 60, 'cnn_channels': 64, 'lstm_hidden_dim': 64, 'lstm_layers': 2}",0.0,0.5,0.96,0.94,0.79,180309
101010,32,0.0007,adam,CNN_BiLSTM_TemporalAttention,"{'input_dim': 60, 'cnn_channels': 64, 'lstm_hidden_dim': 64, 'lstm_layers': 2}",0.4,0.0,0.97,0.96,0.6,180309
101010,32,0.0007,adam,CNN_BiLSTM_TemporalAttention,"{'input_dim': 60, 'cnn_channels': 64, 'lstm_hidden_dim': 64, 'lstm_layers': 2}",0.4,0.5,0.96,0.96,0.57,180309
101010,32,0.0007,adam,CNN_BiLSTM_Attention,"{'input_dim': 60, 'cnn_filters': 64, 'lstm_units': 128, 'num_layers': 1}",0.0,0.0,0.94,0.91,0.71,273492
101010,32,0.0007,adam,CNN_BiLSTM_Attention,"{'input_dim': 60, 'cnn_filters': 64, 'lstm_units': 128, 'num_layers': 1}",0.0,0.5,0.93,0.93,0.82,273492
101010,32,0.0007,adam,CNN_BiLSTM_Attention,"{'input_dim': 60, 'cnn_filters': 64, 'lstm_units': 128, 'num_layers': 1}",0.4,0.0,0.94,0.87,0.91,273492
101010,32,0.0007,adam,CNN_BiLSTM_Attention,"{'input_dim': 60, 'cnn_filters': 64, 'lstm_units': 128, 'num_layers': 1}",0.4,0.5,0.94,0.9,0.84,273492
101010,32,0.0007,adam,CNN_BiLSTM_TemporalAttention,"{'input_dim': 60, 'cnn_channels': 64, 'lstm_hidden_dim': 128, 'lstm_layers': 1}",0.0,0.0,0.96,0.93,0.78,215765
101010,32,0.0007,adam,CNN_BiLSTM_TemporalAttention,"{'input_dim': 60, 'cnn_channels': 64, 'lstm_hidden_dim': 128, 'lstm_layers': 1}",0.0,0.5,0.96,0.94,0.88,215765
101010,32,0.0007,adam,CNN_BiLSTM_TemporalAttention,"{'input_dim': 60, 'cnn_channels': 64, 'lstm_hidden_dim': 128, 'lstm_layers': 1}",0.4,0.0,0.96,0.93,0.5,215765
101010,32,0.0007,adam,CNN_BiLSTM_TemporalAttention,"{'input_dim': 60, 'cnn_channels': 64, 'lstm_hidden_dim': 128, 'lstm_layers': 1}",0.4,0.5,0.93,0.9,0.63,215765
101010,32,0.0007,adam,CNN_BiLSTM_Attention,"{'input_dim': 60, 'cnn_filters': 64, 'lstm_units': 128, 'num_layers': 2}",0.0,0.0,0.96,0.94,0.78,668756
101010,32,0.0007,adam,CNN_BiLSTM_Attention,"{'input_dim': 60, 'cnn_filters': 64, 'lstm_units': 128, 'num_layers': 2}",0.0,0.5,0.93,0.93,0.84,668756
101010,32,0.0007,adam,CNN_BiLSTM_Attention,"{'input_dim': 60, 'cnn_filters': 64, 'lstm_units': 128, 'num_layers': 2}",0.4,0.0,0.96,0.96,0.88,668756
101010,32,0.0007,adam,CNN_BiLSTM_Attention,"{'input_dim': 60, 'cnn_filters': 64, 'lstm_units': 128, 'num_layers': 2}",0.4,0.5,0.9,0.87,0.84,668756
101010,32,0.0007,adam,CNN_BiLSTM_TemporalAttention,"{'input_dim': 60, 'cnn_channels': 64, 'lstm_hidden_dim': 128, 'lstm_layers': 2}",0.0,0.0,0.96,0.94,0.85,611029
101010,32,0.0007,adam,CNN_BiLSTM_TemporalAttention,"{'input_dim': 60, 'cnn_channels': 64, 'lstm_hidden_dim': 128, 'lstm_layers': 2}",0.0,0.5,0.94,0.91,0.85,611029
101010,32,0.0007,adam,CNN_BiLSTM_TemporalAttention,"{'input_dim': 60, 'cnn_channels': 64, 'lstm_hidden_dim': 128, 'lstm_layers': 2}",0.4,0.0,0.94,0.91,0.72,611029
101010,32,0.0007,adam,CNN_BiLSTM_TemporalAttention,"{'input_dim': 60, 'cnn_channels': 64, 'lstm_hidden_dim': 128, 'lstm_layers': 2}",0.4,0.5,0.96,0.96,0.71,611029
101010,32,0.0007,adam,OptResNet1D_JARILWWF,"{'input_channels': 60, 'layers': [1, 1, 1, 1]}",0.0,0.0,0.97,0.97,0.9,7065364
101010,32,0.0007,adam,OptResNet1D_JARILWWF,"{'input_channels': 60, 'layers': [1, 1, 1, 1]}",0.0,0.5,0.97,0.94,0.79,7065364
101010,32,0.0007,adam,OptResNet1D_JARILWWF,"{'input_channels': 60, 'layers': [1, 1, 1, 1]}",0.4,0.0,0.82,0.82,0.56,7065364
101010,32,0.0007,adam,OptResNet1D_JARILWWF,"{'input_channels': 60, 'layers': [1, 1, 1, 1]}",0.4,0.5,0.82,0.82,0.4,7065364
101010,32,0.0007,adam,OptECAResNet1D_JARILWWF,"{'input_channels': 60, 'layers': [1, 1, 1, 1]}",0.0,0.0,0.99,0.99,0.57,3644192
101010,32,0.0007,adam,OptECAResNet1D_JARILWWF,"{'input_channels': 60, 'layers': [1, 1, 1, 1]}",0.0,0.5,0.99,0.97,0.71,3644192
101010,32,0.0007,adam,OptECAResNet1D_JARILWWF,"{'input_channels': 60, 'layers': [1, 1, 1, 1]}",0.4,0.0,0.87,0.75,0.46,3644192
101010,32,0.0007,adam,OptECAResNet1D_JARILWWF,"{'input_channels': 60, 'layers': [1, 1, 1, 1]}",0.4,0.5,0.79,0.75,0.56,3644192
101010,32,0.0007,adam,CustomResNet1D,{'input_channels': 60},0.0,0.0,0.96,0.94,0.84,1906068
101010,32,0.0007,adam,CustomResNet1D,{'input_channels': 60},0.0,0.5,0.99,0.96,0.72,1906068
101010,32,0.0007,adam,CustomResNet1D,{'input_channels': 60},0.4,0.0,0.57,0.57,0.38,1906068
101010,32,0.0007,adam,CustomResNet1D,{'input_channels': 60},0.4,0.5,0.75,0.75,0.46,1906068
101010,32,0.0007,adam,CustomECAResNet1D,{'input_channels': 60},0.0,0.0,0.62,0.62,0.18,1906080
101010,32,0.0007,adam,CustomECAResNet1D,{'input_channels': 60},0.0,0.5,0.96,0.96,0.26,1906080
101010,32,0.0007,adam,CustomECAResNet1D,{'input_channels': 60},0.4,0.0,0.72,0.62,0.44,1906080
101010,32,0.0007,adam,CustomECAResNet1D,{'input_channels': 60},0.4,0.5,0.68,0.68,0.46,1906080
